"Path","Category","Size","LastModified"
"D:\INFRA\Dev-Tools\Dev-Tools\.github\agents\Orchestrator.agent.md","REVIEW","31499","11/18/2025 7:11:36 AM"
"D:\INFRA\Dev-Tools\Dev-Tools\.github\copilot-instructions.md","REVIEW","17664","11/18/2025 10:22:44 PM"
"D:\INFRA\Dev-Tools\Dev-Tools\.pytest_cache\README.md","REVIEW","310","11/16/2025 1:25:45 AM"
"D:\INFRA\Dev-Tools\Dev-Tools\.venv\Lib\site-packages\idna-3.11.dist-info\licenses\LICENSE.md","REVIEW","1541","11/12/2025 10:59:45 PM"
"D:\INFRA\Dev-Tools\Dev-Tools\.venv\Lib\site-packages\pip\_vendor\idna\LICENSE.md","REVIEW","1541","11/12/2025 10:59:32 PM"
"D:\INFRA\Dev-Tools\Dev-Tools\.venv\Lib\site-packages\pip-25.3.dist-info\licenses\src\pip\_vendor\idna\LICENSE.md","REVIEW","1541","11/12/2025 10:59:32 PM"
"D:\INFRA\Dev-Tools\Dev-Tools\.venv\Lib\site-packages\starlette-0.49.3.dist-info\licenses\LICENSE.md","REVIEW","1518","11/12/2025 10:59:46 PM"
"D:\INFRA\Dev-Tools\Dev-Tools\.venv\Lib\site-packages\uvicorn-0.38.0.dist-info\licenses\LICENSE.md","REVIEW","1526","11/12/2025 10:59:46 PM"
"D:\INFRA\Dev-Tools\Dev-Tools\agent_cicd\README.md","REVIEW","6810","11/13/2025 8:15:36 PM"
"D:\INFRA\Dev-Tools\Dev-Tools\agent_code-review\README.md","REVIEW","6724","11/13/2025 8:15:35 PM"
"D:\INFRA\Dev-Tools\Dev-Tools\agent_documentation\README.md","REVIEW","6015","11/13/2025 8:15:36 PM"
"D:\INFRA\Dev-Tools\Dev-Tools\agent_feature-dev\README.md","REVIEW","6298","11/13/2025 8:15:35 PM"
"D:\INFRA\Dev-Tools\Dev-Tools\agent_infrastructure\README.md","REVIEW","7395","11/13/2025 8:15:36 PM"
"D:\INFRA\Dev-Tools\Dev-Tools\agent_orchestrator\README.md","REVIEW","10148","11/18/2025 9:38:34 PM"
"D:\INFRA\Dev-Tools\Dev-Tools\config\env\README.md","REVIEW","4646","11/14/2025 8:13:17 PM"
"D:\INFRA\Dev-Tools\Dev-Tools\node_modules\@langfuse\core\README.md","REVIEW","2070","11/14/2025 2:48:41 AM"
"D:\INFRA\Dev-Tools\Dev-Tools\node_modules\@langfuse\openai\README.md","REVIEW","2106","11/14/2025 2:48:41 AM"
"D:\INFRA\Dev-Tools\Dev-Tools\node_modules\@langfuse\tracing\README.md","REVIEW","2162","11/14/2025 2:48:41 AM"
"D:\INFRA\Dev-Tools\Dev-Tools\node_modules\@linear\sdk\README.md","REVIEW","4580","11/12/2025 8:29:38 PM"
"D:\INFRA\Dev-Tools\Dev-Tools\node_modules\@opentelemetry\api\README.md","REVIEW","8318","11/14/2025 2:48:42 AM"
"D:\INFRA\Dev-Tools\Dev-Tools\node_modules\graphql\README.md","REVIEW","6038","11/12/2025 8:29:38 PM"
"D:\INFRA\Dev-Tools\Dev-Tools\node_modules\isomorphic-unfetch\readme.md","REVIEW","1178","11/12/2025 8:29:38 PM"
"D:\INFRA\Dev-Tools\Dev-Tools\node_modules\node-fetch\LICENSE.md","REVIEW","1079","11/12/2025 8:29:38 PM"
"D:\INFRA\Dev-Tools\Dev-Tools\node_modules\node-fetch\README.md","REVIEW","21332","11/12/2025 8:29:38 PM"
"D:\INFRA\Dev-Tools\Dev-Tools\node_modules\unfetch\LICENSE.md","REVIEW","1079","11/12/2025 8:29:38 PM"
"D:\INFRA\Dev-Tools\Dev-Tools\node_modules\unfetch\README.md","REVIEW","9303","11/12/2025 8:29:38 PM"
"D:\INFRA\Dev-Tools\Dev-Tools\node_modules\webidl-conversions\LICENSE.md","REVIEW","1323","11/12/2025 8:29:38 PM"
"D:\INFRA\Dev-Tools\Dev-Tools\node_modules\webidl-conversions\README.md","REVIEW","5480","11/12/2025 8:29:38 PM"
"D:\INFRA\Dev-Tools\Dev-Tools\node_modules\whatwg-url\README.md","REVIEW","5136","11/12/2025 8:29:38 PM"
"D:\INFRA\Dev-Tools\Dev-Tools\shared\gateway\src\node_modules\@linear\sdk\README.md","REVIEW","4587","11/12/2025 9:07:57 PM"
"D:\INFRA\Dev-Tools\Dev-Tools\shared\gateway\src\node_modules\accepts\HISTORY.md","REVIEW","5096","11/12/2025 9:07:56 PM"
"D:\INFRA\Dev-Tools\Dev-Tools\shared\gateway\src\node_modules\accepts\README.md","REVIEW","4123","11/12/2025 9:07:56 PM"
"D:\INFRA\Dev-Tools\Dev-Tools\shared\gateway\src\node_modules\array-flatten\README.md","REVIEW","1245","11/12/2025 9:07:56 PM"
"D:\INFRA\Dev-Tools\Dev-Tools\shared\gateway\src\node_modules\body-parser\HISTORY.md","REVIEW","16729","11/12/2025 9:07:56 PM"
"D:\INFRA\Dev-Tools\Dev-Tools\shared\gateway\src\node_modules\body-parser\README.md","REVIEW","19180","11/12/2025 9:07:56 PM"
"D:\INFRA\Dev-Tools\Dev-Tools\shared\gateway\src\node_modules\body-parser\SECURITY.md","REVIEW","1193","11/12/2025 9:07:56 PM"
"D:\INFRA\Dev-Tools\Dev-Tools\shared\gateway\src\node_modules\bytes\History.md","REVIEW","1775","11/12/2025 9:07:56 PM"
"D:\INFRA\Dev-Tools\Dev-Tools\shared\gateway\src\node_modules\bytes\Readme.md","REVIEW","4770","11/12/2025 9:07:56 PM"
"D:\INFRA\Dev-Tools\Dev-Tools\shared\gateway\src\node_modules\call-bind-apply-helpers\CHANGELOG.md","REVIEW","1938","11/12/2025 9:07:56 PM"
"D:\INFRA\Dev-Tools\Dev-Tools\shared\gateway\src\node_modules\call-bind-apply-helpers\README.md","REVIEW","2330","11/12/2025 9:07:56 PM"
"D:\INFRA\Dev-Tools\Dev-Tools\shared\gateway\src\node_modules\call-bound\CHANGELOG.md","REVIEW","2880","11/12/2025 9:07:56 PM"
"D:\INFRA\Dev-Tools\Dev-Tools\shared\gateway\src\node_modules\call-bound\README.md","REVIEW","1897","11/12/2025 9:07:56 PM"
"D:\INFRA\Dev-Tools\Dev-Tools\shared\gateway\src\node_modules\content-disposition\HISTORY.md","REVIEW","1020","11/12/2025 9:07:56 PM"
"D:\INFRA\Dev-Tools\Dev-Tools\shared\gateway\src\node_modules\content-disposition\README.md","REVIEW","5205","11/12/2025 9:07:56 PM"
"D:\INFRA\Dev-Tools\Dev-Tools\shared\gateway\src\node_modules\content-type\HISTORY.md","REVIEW","523","11/12/2025 9:07:56 PM"
"D:\INFRA\Dev-Tools\Dev-Tools\shared\gateway\src\node_modules\content-type\README.md","REVIEW","2782","11/12/2025 9:07:56 PM"
"D:\INFRA\Dev-Tools\Dev-Tools\shared\gateway\src\node_modules\cookie\README.md","REVIEW","11769","11/12/2025 9:07:56 PM"
"D:\INFRA\Dev-Tools\Dev-Tools\shared\gateway\src\node_modules\cookie\SECURITY.md","REVIEW","1180","11/12/2025 9:07:56 PM"
"D:\INFRA\Dev-Tools\Dev-Tools\shared\gateway\src\node_modules\cookie-signature\History.md","REVIEW","695","11/12/2025 9:07:56 PM"
"D:\INFRA\Dev-Tools\Dev-Tools\shared\gateway\src\node_modules\cookie-signature\Readme.md","REVIEW","1490","11/12/2025 9:07:56 PM"
"D:\INFRA\Dev-Tools\Dev-Tools\shared\gateway\src\node_modules\debug\CHANGELOG.md","REVIEW","11707","11/12/2025 9:07:56 PM"
"D:\INFRA\Dev-Tools\Dev-Tools\shared\gateway\src\node_modules\debug\README.md","REVIEW","17918","11/12/2025 9:07:56 PM"
"D:\INFRA\Dev-Tools\Dev-Tools\shared\gateway\src\node_modules\depd\History.md","REVIEW","2256","11/12/2025 9:07:56 PM"
"D:\INFRA\Dev-Tools\Dev-Tools\shared\gateway\src\node_modules\depd\Readme.md","REVIEW","9988","11/12/2025 9:07:56 PM"
"D:\INFRA\Dev-Tools\Dev-Tools\shared\gateway\src\node_modules\destroy\README.md","REVIEW","2459","11/12/2025 9:07:56 PM"
"D:\INFRA\Dev-Tools\Dev-Tools\shared\gateway\src\node_modules\dotenv\CHANGELOG.md","REVIEW","21194","11/12/2025 9:07:56 PM"
"D:\INFRA\Dev-Tools\Dev-Tools\shared\gateway\src\node_modules\dotenv\README-es.md","REVIEW","15410","11/12/2025 9:07:56 PM"
"D:\INFRA\Dev-Tools\Dev-Tools\shared\gateway\src\node_modules\dotenv\README.md","REVIEW","23191","11/12/2025 9:07:56 PM"
"D:\INFRA\Dev-Tools\Dev-Tools\shared\gateway\src\node_modules\dotenv\SECURITY.md","REVIEW","69","11/12/2025 9:07:56 PM"
"D:\INFRA\Dev-Tools\Dev-Tools\shared\gateway\src\node_modules\dunder-proto\CHANGELOG.md","REVIEW","1547","11/12/2025 9:07:56 PM"
"D:\INFRA\Dev-Tools\Dev-Tools\shared\gateway\src\node_modules\dunder-proto\README.md","REVIEW","1907","11/12/2025 9:07:56 PM"
"D:\INFRA\Dev-Tools\Dev-Tools\shared\gateway\src\node_modules\ee-first\README.md","REVIEW","2617","11/12/2025 9:07:56 PM"
"D:\INFRA\Dev-Tools\Dev-Tools\shared\gateway\src\node_modules\encodeurl\README.md","REVIEW","3221","11/12/2025 9:07:56 PM"
"D:\INFRA\Dev-Tools\Dev-Tools\shared\gateway\src\node_modules\es-define-property\CHANGELOG.md","REVIEW","2296","11/12/2025 9:07:56 PM"
"D:\INFRA\Dev-Tools\Dev-Tools\shared\gateway\src\node_modules\es-define-property\README.md","REVIEW","2056","11/12/2025 9:07:56 PM"
"D:\INFRA\Dev-Tools\Dev-Tools\shared\gateway\src\node_modules\es-errors\CHANGELOG.md","REVIEW","1833","11/12/2025 9:07:56 PM"
"D:\INFRA\Dev-Tools\Dev-Tools\shared\gateway\src\node_modules\es-errors\README.md","REVIEW","2114","11/12/2025 9:07:56 PM"
"D:\INFRA\Dev-Tools\Dev-Tools\shared\gateway\src\node_modules\es-object-atoms\CHANGELOG.md","REVIEW","2136","11/12/2025 9:07:56 PM"
"D:\INFRA\Dev-Tools\Dev-Tools\shared\gateway\src\node_modules\es-object-atoms\README.md","REVIEW","2603","11/12/2025 9:07:56 PM"
"D:\INFRA\Dev-Tools\Dev-Tools\shared\gateway\src\node_modules\escape-html\Readme.md","REVIEW","707","11/12/2025 9:07:56 PM"
"D:\INFRA\Dev-Tools\Dev-Tools\shared\gateway\src\node_modules\etag\HISTORY.md","REVIEW","1732","11/12/2025 9:07:56 PM"
"D:\INFRA\Dev-Tools\Dev-Tools\shared\gateway\src\node_modules\etag\README.md","REVIEW","4198","11/12/2025 9:07:56 PM"
"D:\INFRA\Dev-Tools\Dev-Tools\shared\gateway\src\node_modules\express\History.md","REVIEW","115153","11/12/2025 9:07:56 PM"
"D:\INFRA\Dev-Tools\Dev-Tools\shared\gateway\src\node_modules\express\Readme.md","REVIEW","9806","11/12/2025 9:07:56 PM"
"D:\INFRA\Dev-Tools\Dev-Tools\shared\gateway\src\node_modules\finalhandler\HISTORY.md","REVIEW","4549","11/12/2025 9:07:56 PM"
"D:\INFRA\Dev-Tools\Dev-Tools\shared\gateway\src\node_modules\finalhandler\README.md","REVIEW","4120","11/12/2025 9:07:56 PM"
"D:\INFRA\Dev-Tools\Dev-Tools\shared\gateway\src\node_modules\finalhandler\SECURITY.md","REVIEW","1202","11/12/2025 9:07:56 PM"
"D:\INFRA\Dev-Tools\Dev-Tools\shared\gateway\src\node_modules\forwarded\HISTORY.md","REVIEW","400","11/12/2025 9:07:56 PM"
"D:\INFRA\Dev-Tools\Dev-Tools\shared\gateway\src\node_modules\forwarded\README.md","REVIEW","1654","11/12/2025 9:07:56 PM"
"D:\INFRA\Dev-Tools\Dev-Tools\shared\gateway\src\node_modules\fresh\HISTORY.md","REVIEW","1500","11/12/2025 9:07:56 PM"
"D:\INFRA\Dev-Tools\Dev-Tools\shared\gateway\src\node_modules\fresh\README.md","REVIEW","3374","11/12/2025 9:07:56 PM"
"D:\INFRA\Dev-Tools\Dev-Tools\shared\gateway\src\node_modules\function-bind\.github\SECURITY.md","REVIEW","157","11/12/2025 9:07:56 PM"
"D:\INFRA\Dev-Tools\Dev-Tools\shared\gateway\src\node_modules\function-bind\CHANGELOG.md","REVIEW","13812","11/12/2025 9:07:56 PM"
"D:\INFRA\Dev-Tools\Dev-Tools\shared\gateway\src\node_modules\function-bind\README.md","REVIEW","1755","11/12/2025 9:07:56 PM"
"D:\INFRA\Dev-Tools\Dev-Tools\shared\gateway\src\node_modules\get-intrinsic\CHANGELOG.md","REVIEW","15537","11/12/2025 9:07:56 PM"
"D:\INFRA\Dev-Tools\Dev-Tools\shared\gateway\src\node_modules\get-intrinsic\README.md","REVIEW","2791","11/12/2025 9:07:56 PM"
"D:\INFRA\Dev-Tools\Dev-Tools\shared\gateway\src\node_modules\get-proto\CHANGELOG.md","REVIEW","1054","11/12/2025 9:07:56 PM"
"D:\INFRA\Dev-Tools\Dev-Tools\shared\gateway\src\node_modules\get-proto\README.md","REVIEW","1794","11/12/2025 9:07:56 PM"
"D:\INFRA\Dev-Tools\Dev-Tools\shared\gateway\src\node_modules\gopd\CHANGELOG.md","REVIEW","3077","11/12/2025 9:07:56 PM"
"D:\INFRA\Dev-Tools\Dev-Tools\shared\gateway\src\node_modules\gopd\README.md","REVIEW","1562","11/12/2025 9:07:56 PM"
"D:\INFRA\Dev-Tools\Dev-Tools\shared\gateway\src\node_modules\graphql\README.md","REVIEW","6038","11/12/2025 9:07:57 PM"
"D:\INFRA\Dev-Tools\Dev-Tools\shared\gateway\src\node_modules\has-symbols\CHANGELOG.md","REVIEW","9431","11/12/2025 9:07:56 PM"
"D:\INFRA\Dev-Tools\Dev-Tools\shared\gateway\src\node_modules\has-symbols\README.md","REVIEW","2044","11/12/2025 9:07:56 PM"
"D:\INFRA\Dev-Tools\Dev-Tools\shared\gateway\src\node_modules\hasown\CHANGELOG.md","REVIEW","2579","11/12/2025 9:07:56 PM"
"D:\INFRA\Dev-Tools\Dev-Tools\shared\gateway\src\node_modules\hasown\README.md","REVIEW","1613","11/12/2025 9:07:56 PM"
"D:\INFRA\Dev-Tools\Dev-Tools\shared\gateway\src\node_modules\http-errors\HISTORY.md","REVIEW","3973","11/12/2025 9:07:56 PM"
"D:\INFRA\Dev-Tools\Dev-Tools\shared\gateway\src\node_modules\http-errors\README.md","REVIEW","5962","11/12/2025 9:07:56 PM"
"D:\INFRA\Dev-Tools\Dev-Tools\shared\gateway\src\node_modules\iconv-lite\Changelog.md","REVIEW","4342","11/12/2025 9:07:56 PM"
"D:\INFRA\Dev-Tools\Dev-Tools\shared\gateway\src\node_modules\iconv-lite\README.md","REVIEW","6534","11/12/2025 9:07:56 PM"
"D:\INFRA\Dev-Tools\Dev-Tools\shared\gateway\src\node_modules\inherits\README.md","REVIEW","1625","11/12/2025 9:07:56 PM"
"D:\INFRA\Dev-Tools\Dev-Tools\shared\gateway\src\node_modules\ipaddr.js\README.md","REVIEW","8309","11/12/2025 9:07:56 PM"
"D:\INFRA\Dev-Tools\Dev-Tools\shared\gateway\src\node_modules\isomorphic-unfetch\readme.md","REVIEW","1178","11/12/2025 9:07:56 PM"
"D:\INFRA\Dev-Tools\Dev-Tools\shared\gateway\src\node_modules\math-intrinsics\CHANGELOG.md","REVIEW","1466","11/12/2025 9:07:56 PM"
"D:\INFRA\Dev-Tools\Dev-Tools\shared\gateway\src\node_modules\math-intrinsics\README.md","REVIEW","1884","11/12/2025 9:07:56 PM"
"D:\INFRA\Dev-Tools\Dev-Tools\shared\gateway\src\node_modules\media-typer\HISTORY.md","REVIEW","461","11/12/2025 9:07:56 PM"
"D:\INFRA\Dev-Tools\Dev-Tools\shared\gateway\src\node_modules\media-typer\README.md","REVIEW","2371","11/12/2025 9:07:56 PM"
"D:\INFRA\Dev-Tools\Dev-Tools\shared\gateway\src\node_modules\merge-descriptors\HISTORY.md","REVIEW","363","11/12/2025 9:07:56 PM"
"D:\INFRA\Dev-Tools\Dev-Tools\shared\gateway\src\node_modules\merge-descriptors\README.md","REVIEW","1305","11/12/2025 9:07:56 PM"
"D:\INFRA\Dev-Tools\Dev-Tools\shared\gateway\src\node_modules\methods\HISTORY.md","REVIEW","427","11/12/2025 9:07:56 PM"
"D:\INFRA\Dev-Tools\Dev-Tools\shared\gateway\src\node_modules\methods\README.md","REVIEW","1694","11/12/2025 9:07:56 PM"
"D:\INFRA\Dev-Tools\Dev-Tools\shared\gateway\src\node_modules\mime\CHANGELOG.md","REVIEW","9473","11/12/2025 9:07:56 PM"
"D:\INFRA\Dev-Tools\Dev-Tools\shared\gateway\src\node_modules\mime\README.md","REVIEW","2119","11/12/2025 9:07:56 PM"
"D:\INFRA\Dev-Tools\Dev-Tools\shared\gateway\src\node_modules\mime-db\HISTORY.md","REVIEW","12581","11/12/2025 9:07:56 PM"
"D:\INFRA\Dev-Tools\Dev-Tools\shared\gateway\src\node_modules\mime-db\README.md","REVIEW","4091","11/12/2025 9:07:56 PM"
"D:\INFRA\Dev-Tools\Dev-Tools\shared\gateway\src\node_modules\mime-types\HISTORY.md","REVIEW","8812","11/12/2025 9:07:56 PM"
"D:\INFRA\Dev-Tools\Dev-Tools\shared\gateway\src\node_modules\mime-types\README.md","REVIEW","3481","11/12/2025 9:07:56 PM"
"D:\INFRA\Dev-Tools\Dev-Tools\shared\gateway\src\node_modules\ms\license.md","REVIEW","1077","11/12/2025 9:07:56 PM"
"D:\INFRA\Dev-Tools\Dev-Tools\shared\gateway\src\node_modules\ms\readme.md","REVIEW","1721","11/12/2025 9:07:56 PM"
"D:\INFRA\Dev-Tools\Dev-Tools\shared\gateway\src\node_modules\negotiator\HISTORY.md","REVIEW","2499","11/12/2025 9:07:56 PM"
"D:\INFRA\Dev-Tools\Dev-Tools\shared\gateway\src\node_modules\negotiator\README.md","REVIEW","4901","11/12/2025 9:07:56 PM"
"D:\INFRA\Dev-Tools\Dev-Tools\shared\gateway\src\node_modules\node-fetch\LICENSE.md","REVIEW","1079","11/12/2025 9:07:56 PM"
"D:\INFRA\Dev-Tools\Dev-Tools\shared\gateway\src\node_modules\node-fetch\README.md","REVIEW","21332","11/12/2025 9:07:56 PM"
"D:\INFRA\Dev-Tools\Dev-Tools\shared\gateway\src\node_modules\object-inspect\CHANGELOG.md","REVIEW","36562","11/12/2025 9:07:56 PM"
"D:\INFRA\Dev-Tools\Dev-Tools\shared\gateway\src\node_modules\on-finished\HISTORY.md","REVIEW","1865","11/12/2025 9:07:56 PM"
"D:\INFRA\Dev-Tools\Dev-Tools\shared\gateway\src\node_modules\on-finished\README.md","REVIEW","5160","11/12/2025 9:07:56 PM"
"D:\INFRA\Dev-Tools\Dev-Tools\shared\gateway\src\node_modules\parseurl\HISTORY.md","REVIEW","1043","11/12/2025 9:07:56 PM"
"D:\INFRA\Dev-Tools\Dev-Tools\shared\gateway\src\node_modules\parseurl\README.md","REVIEW","4094","11/12/2025 9:07:56 PM"
"D:\INFRA\Dev-Tools\Dev-Tools\shared\gateway\src\node_modules\path-to-regexp\Readme.md","REVIEW","1102","11/12/2025 9:07:56 PM"
"D:\INFRA\Dev-Tools\Dev-Tools\shared\gateway\src\node_modules\proxy-addr\HISTORY.md","REVIEW","2991","11/12/2025 9:07:56 PM"
"D:\INFRA\Dev-Tools\Dev-Tools\shared\gateway\src\node_modules\proxy-addr\README.md","REVIEW","4131","11/12/2025 9:07:56 PM"
"D:\INFRA\Dev-Tools\Dev-Tools\shared\gateway\src\node_modules\qs\CHANGELOG.md","REVIEW","32086","11/12/2025 9:07:56 PM"
"D:\INFRA\Dev-Tools\Dev-Tools\shared\gateway\src\node_modules\qs\LICENSE.md","REVIEW","1600","11/12/2025 9:07:56 PM"
"D:\INFRA\Dev-Tools\Dev-Tools\shared\gateway\src\node_modules\qs\README.md","REVIEW","24553","11/12/2025 9:07:56 PM"
"D:\INFRA\Dev-Tools\Dev-Tools\shared\gateway\src\node_modules\range-parser\HISTORY.md","REVIEW","917","11/12/2025 9:07:56 PM"
"D:\INFRA\Dev-Tools\Dev-Tools\shared\gateway\src\node_modules\range-parser\README.md","REVIEW","2278","11/12/2025 9:07:56 PM"
"D:\INFRA\Dev-Tools\Dev-Tools\shared\gateway\src\node_modules\raw-body\HISTORY.md","REVIEW","6048","11/12/2025 9:07:56 PM"
"D:\INFRA\Dev-Tools\Dev-Tools\shared\gateway\src\node_modules\raw-body\README.md","REVIEW","6553","11/12/2025 9:07:56 PM"
"D:\INFRA\Dev-Tools\Dev-Tools\shared\gateway\src\node_modules\raw-body\SECURITY.md","REVIEW","1188","11/12/2025 9:07:56 PM"
"D:\INFRA\Dev-Tools\Dev-Tools\shared\gateway\src\node_modules\safe-buffer\README.md","REVIEW","19555","11/12/2025 9:07:56 PM"
"D:\INFRA\Dev-Tools\Dev-Tools\shared\gateway\src\node_modules\safer-buffer\Porting-Buffer.md","REVIEW","12794","11/12/2025 9:07:56 PM"
"D:\INFRA\Dev-Tools\Dev-Tools\shared\gateway\src\node_modules\safer-buffer\Readme.md","REVIEW","8261","11/12/2025 9:07:56 PM"
"D:\INFRA\Dev-Tools\Dev-Tools\shared\gateway\src\node_modules\send\node_modules\encodeurl\HISTORY.md","REVIEW","238","11/12/2025 9:07:56 PM"
"D:\INFRA\Dev-Tools\Dev-Tools\shared\gateway\src\node_modules\send\node_modules\encodeurl\README.md","REVIEW","3855","11/12/2025 9:07:56 PM"
"D:\INFRA\Dev-Tools\Dev-Tools\shared\gateway\src\node_modules\send\node_modules\ms\license.md","REVIEW","1079","11/12/2025 9:07:56 PM"
"D:\INFRA\Dev-Tools\Dev-Tools\shared\gateway\src\node_modules\send\node_modules\ms\readme.md","REVIEW","1886","11/12/2025 9:07:56 PM"
"D:\INFRA\Dev-Tools\Dev-Tools\shared\gateway\src\node_modules\send\HISTORY.md","REVIEW","13397","11/12/2025 9:07:56 PM"
"D:\INFRA\Dev-Tools\Dev-Tools\shared\gateway\src\node_modules\send\README.md","REVIEW","9476","11/12/2025 9:07:56 PM"
"D:\INFRA\Dev-Tools\Dev-Tools\shared\gateway\src\node_modules\send\SECURITY.md","REVIEW","1170","11/12/2025 9:07:56 PM"
"D:\INFRA\Dev-Tools\Dev-Tools\shared\gateway\src\node_modules\serve-static\HISTORY.md","REVIEW","10763","11/12/2025 9:07:56 PM"
"D:\INFRA\Dev-Tools\Dev-Tools\shared\gateway\src\node_modules\serve-static\README.md","REVIEW","7812","11/12/2025 9:07:56 PM"
"D:\INFRA\Dev-Tools\Dev-Tools\shared\gateway\src\node_modules\setprototypeof\README.md","REVIEW","844","11/12/2025 9:07:56 PM"
"D:\INFRA\Dev-Tools\Dev-Tools\shared\gateway\src\node_modules\side-channel\CHANGELOG.md","REVIEW","10450","11/12/2025 9:07:56 PM"
"D:\INFRA\Dev-Tools\Dev-Tools\shared\gateway\src\node_modules\side-channel\README.md","REVIEW","2152","11/12/2025 9:07:56 PM"
"D:\INFRA\Dev-Tools\Dev-Tools\shared\gateway\src\node_modules\side-channel-list\CHANGELOG.md","REVIEW","818","11/12/2025 9:07:56 PM"
"D:\INFRA\Dev-Tools\Dev-Tools\shared\gateway\src\node_modules\side-channel-list\README.md","REVIEW","2285","11/12/2025 9:07:56 PM"
"D:\INFRA\Dev-Tools\Dev-Tools\shared\gateway\src\node_modules\side-channel-map\CHANGELOG.md","REVIEW","1191","11/12/2025 9:07:56 PM"
"D:\INFRA\Dev-Tools\Dev-Tools\shared\gateway\src\node_modules\side-channel-map\README.md","REVIEW","2278","11/12/2025 9:07:56 PM"
"D:\INFRA\Dev-Tools\Dev-Tools\shared\gateway\src\node_modules\side-channel-weakmap\CHANGELOG.md","REVIEW","1477","11/12/2025 9:07:56 PM"
"D:\INFRA\Dev-Tools\Dev-Tools\shared\gateway\src\node_modules\side-channel-weakmap\README.md","REVIEW","2342","11/12/2025 9:07:56 PM"
"D:\INFRA\Dev-Tools\Dev-Tools\shared\gateway\src\node_modules\statuses\HISTORY.md","REVIEW","1546","11/12/2025 9:07:56 PM"
"D:\INFRA\Dev-Tools\Dev-Tools\shared\gateway\src\node_modules\statuses\README.md","REVIEW","3559","11/12/2025 9:07:56 PM"
"D:\INFRA\Dev-Tools\Dev-Tools\shared\gateway\src\node_modules\toidentifier\HISTORY.md","REVIEW","128","11/12/2025 9:07:56 PM"
"D:\INFRA\Dev-Tools\Dev-Tools\shared\gateway\src\node_modules\toidentifier\README.md","REVIEW","1803","11/12/2025 9:07:56 PM"
"D:\INFRA\Dev-Tools\Dev-Tools\shared\gateway\src\node_modules\type-is\HISTORY.md","REVIEW","5447","11/12/2025 9:07:56 PM"
"D:\INFRA\Dev-Tools\Dev-Tools\shared\gateway\src\node_modules\type-is\README.md","REVIEW","5183","11/12/2025 9:07:56 PM"
"D:\INFRA\Dev-Tools\Dev-Tools\shared\gateway\src\node_modules\unfetch\LICENSE.md","REVIEW","1079","11/12/2025 9:07:56 PM"
"D:\INFRA\Dev-Tools\Dev-Tools\shared\gateway\src\node_modules\unfetch\README.md","REVIEW","9303","11/12/2025 9:07:56 PM"
"D:\INFRA\Dev-Tools\Dev-Tools\shared\gateway\src\node_modules\unpipe\HISTORY.md","REVIEW","59","11/12/2025 9:07:56 PM"
"D:\INFRA\Dev-Tools\Dev-Tools\shared\gateway\src\node_modules\unpipe\README.md","REVIEW","1250","11/12/2025 9:07:56 PM"
"D:\INFRA\Dev-Tools\Dev-Tools\shared\gateway\src\node_modules\utils-merge\README.md","REVIEW","1319","11/12/2025 9:07:56 PM"
"D:\INFRA\Dev-Tools\Dev-Tools\shared\gateway\src\node_modules\vary\HISTORY.md","REVIEW","792","11/12/2025 9:07:56 PM"
"D:\INFRA\Dev-Tools\Dev-Tools\shared\gateway\src\node_modules\vary\README.md","REVIEW","2716","11/12/2025 9:07:56 PM"
"D:\INFRA\Dev-Tools\Dev-Tools\shared\gateway\src\node_modules\webidl-conversions\LICENSE.md","REVIEW","1323","11/12/2025 9:07:56 PM"
"D:\INFRA\Dev-Tools\Dev-Tools\shared\gateway\src\node_modules\webidl-conversions\README.md","REVIEW","5480","11/12/2025 9:07:56 PM"
"D:\INFRA\Dev-Tools\Dev-Tools\shared\gateway\src\node_modules\whatwg-url\README.md","REVIEW","5136","11/12/2025 9:07:56 PM"
"D:\INFRA\Dev-Tools\Dev-Tools\shared\gateway\src\README.md","REVIEW","2123","11/17/2025 8:44:39 PM"
"D:\INFRA\Dev-Tools\Dev-Tools\shared\mcp\gateway\node_modules\@linear\sdk\README.md","REVIEW","4587","11/12/2025 9:07:57 PM"
"D:\INFRA\Dev-Tools\Dev-Tools\shared\mcp\gateway\node_modules\accepts\HISTORY.md","REVIEW","5096","11/12/2025 9:07:56 PM"
"D:\INFRA\Dev-Tools\Dev-Tools\shared\mcp\gateway\node_modules\accepts\README.md","REVIEW","4123","11/12/2025 9:07:56 PM"
"D:\INFRA\Dev-Tools\Dev-Tools\shared\mcp\gateway\node_modules\array-flatten\README.md","REVIEW","1245","11/12/2025 9:07:56 PM"
"D:\INFRA\Dev-Tools\Dev-Tools\shared\mcp\gateway\node_modules\body-parser\HISTORY.md","REVIEW","16729","11/12/2025 9:07:56 PM"
"D:\INFRA\Dev-Tools\Dev-Tools\shared\mcp\gateway\node_modules\body-parser\README.md","REVIEW","19180","11/12/2025 9:07:56 PM"
"D:\INFRA\Dev-Tools\Dev-Tools\shared\mcp\gateway\node_modules\body-parser\SECURITY.md","REVIEW","1193","11/12/2025 9:07:56 PM"
"D:\INFRA\Dev-Tools\Dev-Tools\shared\mcp\gateway\node_modules\bytes\History.md","REVIEW","1775","11/12/2025 9:07:56 PM"
"D:\INFRA\Dev-Tools\Dev-Tools\shared\mcp\gateway\node_modules\bytes\Readme.md","REVIEW","4770","11/12/2025 9:07:56 PM"
"D:\INFRA\Dev-Tools\Dev-Tools\shared\mcp\gateway\node_modules\call-bind-apply-helpers\CHANGELOG.md","REVIEW","1938","11/12/2025 9:07:56 PM"
"D:\INFRA\Dev-Tools\Dev-Tools\shared\mcp\gateway\node_modules\call-bind-apply-helpers\README.md","REVIEW","2330","11/12/2025 9:07:56 PM"
"D:\INFRA\Dev-Tools\Dev-Tools\shared\mcp\gateway\node_modules\call-bound\CHANGELOG.md","REVIEW","2880","11/12/2025 9:07:56 PM"
"D:\INFRA\Dev-Tools\Dev-Tools\shared\mcp\gateway\node_modules\call-bound\README.md","REVIEW","1897","11/12/2025 9:07:56 PM"
"D:\INFRA\Dev-Tools\Dev-Tools\shared\mcp\gateway\node_modules\content-disposition\HISTORY.md","REVIEW","1020","11/12/2025 9:07:56 PM"
"D:\INFRA\Dev-Tools\Dev-Tools\shared\mcp\gateway\node_modules\content-disposition\README.md","REVIEW","5205","11/12/2025 9:07:56 PM"
"D:\INFRA\Dev-Tools\Dev-Tools\shared\mcp\gateway\node_modules\content-type\HISTORY.md","REVIEW","523","11/12/2025 9:07:56 PM"
"D:\INFRA\Dev-Tools\Dev-Tools\shared\mcp\gateway\node_modules\content-type\README.md","REVIEW","2782","11/12/2025 9:07:56 PM"
"D:\INFRA\Dev-Tools\Dev-Tools\shared\mcp\gateway\node_modules\cookie\README.md","REVIEW","11769","11/12/2025 9:07:56 PM"
"D:\INFRA\Dev-Tools\Dev-Tools\shared\mcp\gateway\node_modules\cookie\SECURITY.md","REVIEW","1180","11/12/2025 9:07:56 PM"
"D:\INFRA\Dev-Tools\Dev-Tools\shared\mcp\gateway\node_modules\cookie-signature\History.md","REVIEW","695","11/12/2025 9:07:56 PM"
"D:\INFRA\Dev-Tools\Dev-Tools\shared\mcp\gateway\node_modules\cookie-signature\Readme.md","REVIEW","1490","11/12/2025 9:07:56 PM"
"D:\INFRA\Dev-Tools\Dev-Tools\shared\mcp\gateway\node_modules\debug\CHANGELOG.md","REVIEW","11707","11/12/2025 9:07:56 PM"
"D:\INFRA\Dev-Tools\Dev-Tools\shared\mcp\gateway\node_modules\debug\README.md","REVIEW","17918","11/12/2025 9:07:56 PM"
"D:\INFRA\Dev-Tools\Dev-Tools\shared\mcp\gateway\node_modules\depd\History.md","REVIEW","2256","11/12/2025 9:07:56 PM"
"D:\INFRA\Dev-Tools\Dev-Tools\shared\mcp\gateway\node_modules\depd\Readme.md","REVIEW","9988","11/12/2025 9:07:56 PM"
"D:\INFRA\Dev-Tools\Dev-Tools\shared\mcp\gateway\node_modules\destroy\README.md","REVIEW","2459","11/12/2025 9:07:56 PM"
"D:\INFRA\Dev-Tools\Dev-Tools\shared\mcp\gateway\node_modules\dotenv\CHANGELOG.md","REVIEW","21194","11/12/2025 9:07:56 PM"
"D:\INFRA\Dev-Tools\Dev-Tools\shared\mcp\gateway\node_modules\dotenv\README-es.md","REVIEW","15410","11/12/2025 9:07:56 PM"
"D:\INFRA\Dev-Tools\Dev-Tools\shared\mcp\gateway\node_modules\dotenv\README.md","REVIEW","23191","11/12/2025 9:07:56 PM"
"D:\INFRA\Dev-Tools\Dev-Tools\shared\mcp\gateway\node_modules\dotenv\SECURITY.md","REVIEW","69","11/12/2025 9:07:56 PM"
"D:\INFRA\Dev-Tools\Dev-Tools\shared\mcp\gateway\node_modules\dunder-proto\CHANGELOG.md","REVIEW","1547","11/12/2025 9:07:56 PM"
"D:\INFRA\Dev-Tools\Dev-Tools\shared\mcp\gateway\node_modules\dunder-proto\README.md","REVIEW","1907","11/12/2025 9:07:56 PM"
"D:\INFRA\Dev-Tools\Dev-Tools\shared\mcp\gateway\node_modules\ee-first\README.md","REVIEW","2617","11/12/2025 9:07:56 PM"
"D:\INFRA\Dev-Tools\Dev-Tools\shared\mcp\gateway\node_modules\encodeurl\README.md","REVIEW","3221","11/12/2025 9:07:56 PM"
"D:\INFRA\Dev-Tools\Dev-Tools\shared\mcp\gateway\node_modules\es-define-property\CHANGELOG.md","REVIEW","2296","11/12/2025 9:07:56 PM"
"D:\INFRA\Dev-Tools\Dev-Tools\shared\mcp\gateway\node_modules\es-define-property\README.md","REVIEW","2056","11/12/2025 9:07:56 PM"
"D:\INFRA\Dev-Tools\Dev-Tools\shared\mcp\gateway\node_modules\es-errors\CHANGELOG.md","REVIEW","1833","11/12/2025 9:07:56 PM"
"D:\INFRA\Dev-Tools\Dev-Tools\shared\mcp\gateway\node_modules\es-errors\README.md","REVIEW","2114","11/12/2025 9:07:56 PM"
"D:\INFRA\Dev-Tools\Dev-Tools\shared\mcp\gateway\node_modules\es-object-atoms\CHANGELOG.md","REVIEW","2136","11/12/2025 9:07:56 PM"
"D:\INFRA\Dev-Tools\Dev-Tools\shared\mcp\gateway\node_modules\es-object-atoms\README.md","REVIEW","2603","11/12/2025 9:07:56 PM"
"D:\INFRA\Dev-Tools\Dev-Tools\shared\mcp\gateway\node_modules\escape-html\Readme.md","REVIEW","707","11/12/2025 9:07:56 PM"
"D:\INFRA\Dev-Tools\Dev-Tools\shared\mcp\gateway\node_modules\etag\HISTORY.md","REVIEW","1732","11/12/2025 9:07:56 PM"
"D:\INFRA\Dev-Tools\Dev-Tools\shared\mcp\gateway\node_modules\etag\README.md","REVIEW","4198","11/12/2025 9:07:56 PM"
"D:\INFRA\Dev-Tools\Dev-Tools\shared\mcp\gateway\node_modules\express\History.md","REVIEW","115153","11/12/2025 9:07:56 PM"
"D:\INFRA\Dev-Tools\Dev-Tools\shared\mcp\gateway\node_modules\express\Readme.md","REVIEW","9806","11/12/2025 9:07:56 PM"
"D:\INFRA\Dev-Tools\Dev-Tools\shared\mcp\gateway\node_modules\finalhandler\HISTORY.md","REVIEW","4549","11/12/2025 9:07:56 PM"
"D:\INFRA\Dev-Tools\Dev-Tools\shared\mcp\gateway\node_modules\finalhandler\README.md","REVIEW","4120","11/12/2025 9:07:56 PM"
"D:\INFRA\Dev-Tools\Dev-Tools\shared\mcp\gateway\node_modules\finalhandler\SECURITY.md","REVIEW","1202","11/12/2025 9:07:56 PM"
"D:\INFRA\Dev-Tools\Dev-Tools\shared\mcp\gateway\node_modules\forwarded\HISTORY.md","REVIEW","400","11/12/2025 9:07:56 PM"
"D:\INFRA\Dev-Tools\Dev-Tools\shared\mcp\gateway\node_modules\forwarded\README.md","REVIEW","1654","11/12/2025 9:07:56 PM"
"D:\INFRA\Dev-Tools\Dev-Tools\shared\mcp\gateway\node_modules\fresh\HISTORY.md","REVIEW","1500","11/12/2025 9:07:56 PM"
"D:\INFRA\Dev-Tools\Dev-Tools\shared\mcp\gateway\node_modules\fresh\README.md","REVIEW","3374","11/12/2025 9:07:56 PM"
"D:\INFRA\Dev-Tools\Dev-Tools\shared\mcp\gateway\node_modules\function-bind\.github\SECURITY.md","REVIEW","157","11/12/2025 9:07:56 PM"
"D:\INFRA\Dev-Tools\Dev-Tools\shared\mcp\gateway\node_modules\function-bind\CHANGELOG.md","REVIEW","13812","11/12/2025 9:07:56 PM"
"D:\INFRA\Dev-Tools\Dev-Tools\shared\mcp\gateway\node_modules\function-bind\README.md","REVIEW","1755","11/12/2025 9:07:56 PM"
"D:\INFRA\Dev-Tools\Dev-Tools\shared\mcp\gateway\node_modules\get-intrinsic\CHANGELOG.md","REVIEW","15537","11/12/2025 9:07:56 PM"
"D:\INFRA\Dev-Tools\Dev-Tools\shared\mcp\gateway\node_modules\get-intrinsic\README.md","REVIEW","2791","11/12/2025 9:07:56 PM"
"D:\INFRA\Dev-Tools\Dev-Tools\shared\mcp\gateway\node_modules\get-proto\CHANGELOG.md","REVIEW","1054","11/12/2025 9:07:56 PM"
"D:\INFRA\Dev-Tools\Dev-Tools\shared\mcp\gateway\node_modules\get-proto\README.md","REVIEW","1794","11/12/2025 9:07:56 PM"
"D:\INFRA\Dev-Tools\Dev-Tools\shared\mcp\gateway\node_modules\gopd\CHANGELOG.md","REVIEW","3077","11/12/2025 9:07:56 PM"
"D:\INFRA\Dev-Tools\Dev-Tools\shared\mcp\gateway\node_modules\gopd\README.md","REVIEW","1562","11/12/2025 9:07:56 PM"
"D:\INFRA\Dev-Tools\Dev-Tools\shared\mcp\gateway\node_modules\graphql\README.md","REVIEW","6038","11/12/2025 9:07:57 PM"
"D:\INFRA\Dev-Tools\Dev-Tools\shared\mcp\gateway\node_modules\has-symbols\CHANGELOG.md","REVIEW","9431","11/12/2025 9:07:56 PM"
"D:\INFRA\Dev-Tools\Dev-Tools\shared\mcp\gateway\node_modules\has-symbols\README.md","REVIEW","2044","11/12/2025 9:07:56 PM"
"D:\INFRA\Dev-Tools\Dev-Tools\shared\mcp\gateway\node_modules\hasown\CHANGELOG.md","REVIEW","2579","11/12/2025 9:07:56 PM"
"D:\INFRA\Dev-Tools\Dev-Tools\shared\mcp\gateway\node_modules\hasown\README.md","REVIEW","1613","11/12/2025 9:07:56 PM"
"D:\INFRA\Dev-Tools\Dev-Tools\shared\mcp\gateway\node_modules\http-errors\HISTORY.md","REVIEW","3973","11/12/2025 9:07:56 PM"
"D:\INFRA\Dev-Tools\Dev-Tools\shared\mcp\gateway\node_modules\http-errors\README.md","REVIEW","5962","11/12/2025 9:07:56 PM"
"D:\INFRA\Dev-Tools\Dev-Tools\shared\mcp\gateway\node_modules\iconv-lite\Changelog.md","REVIEW","4342","11/12/2025 9:07:56 PM"
"D:\INFRA\Dev-Tools\Dev-Tools\shared\mcp\gateway\node_modules\iconv-lite\README.md","REVIEW","6534","11/12/2025 9:07:56 PM"
"D:\INFRA\Dev-Tools\Dev-Tools\shared\mcp\gateway\node_modules\inherits\README.md","REVIEW","1625","11/12/2025 9:07:56 PM"
"D:\INFRA\Dev-Tools\Dev-Tools\shared\mcp\gateway\node_modules\ipaddr.js\README.md","REVIEW","8309","11/12/2025 9:07:56 PM"
"D:\INFRA\Dev-Tools\Dev-Tools\shared\mcp\gateway\node_modules\isomorphic-unfetch\readme.md","REVIEW","1178","11/12/2025 9:07:56 PM"
"D:\INFRA\Dev-Tools\Dev-Tools\shared\mcp\gateway\node_modules\math-intrinsics\CHANGELOG.md","REVIEW","1466","11/12/2025 9:07:56 PM"
"D:\INFRA\Dev-Tools\Dev-Tools\shared\mcp\gateway\node_modules\math-intrinsics\README.md","REVIEW","1884","11/12/2025 9:07:56 PM"
"D:\INFRA\Dev-Tools\Dev-Tools\shared\mcp\gateway\node_modules\media-typer\HISTORY.md","REVIEW","461","11/12/2025 9:07:56 PM"
"D:\INFRA\Dev-Tools\Dev-Tools\shared\mcp\gateway\node_modules\media-typer\README.md","REVIEW","2371","11/12/2025 9:07:56 PM"
"D:\INFRA\Dev-Tools\Dev-Tools\shared\mcp\gateway\node_modules\merge-descriptors\HISTORY.md","REVIEW","363","11/12/2025 9:07:56 PM"
"D:\INFRA\Dev-Tools\Dev-Tools\shared\mcp\gateway\node_modules\merge-descriptors\README.md","REVIEW","1305","11/12/2025 9:07:56 PM"
"D:\INFRA\Dev-Tools\Dev-Tools\shared\mcp\gateway\node_modules\methods\HISTORY.md","REVIEW","427","11/12/2025 9:07:56 PM"
"D:\INFRA\Dev-Tools\Dev-Tools\shared\mcp\gateway\node_modules\methods\README.md","REVIEW","1694","11/12/2025 9:07:56 PM"
"D:\INFRA\Dev-Tools\Dev-Tools\shared\mcp\gateway\node_modules\mime\CHANGELOG.md","REVIEW","9473","11/12/2025 9:07:56 PM"
"D:\INFRA\Dev-Tools\Dev-Tools\shared\mcp\gateway\node_modules\mime\README.md","REVIEW","2119","11/12/2025 9:07:56 PM"
"D:\INFRA\Dev-Tools\Dev-Tools\shared\mcp\gateway\node_modules\mime-db\HISTORY.md","REVIEW","12581","11/12/2025 9:07:56 PM"
"D:\INFRA\Dev-Tools\Dev-Tools\shared\mcp\gateway\node_modules\mime-db\README.md","REVIEW","4091","11/12/2025 9:07:56 PM"
"D:\INFRA\Dev-Tools\Dev-Tools\shared\mcp\gateway\node_modules\mime-types\HISTORY.md","REVIEW","8812","11/12/2025 9:07:56 PM"
"D:\INFRA\Dev-Tools\Dev-Tools\shared\mcp\gateway\node_modules\mime-types\README.md","REVIEW","3481","11/12/2025 9:07:56 PM"
"D:\INFRA\Dev-Tools\Dev-Tools\shared\mcp\gateway\node_modules\ms\license.md","REVIEW","1077","11/12/2025 9:07:56 PM"
"D:\INFRA\Dev-Tools\Dev-Tools\shared\mcp\gateway\node_modules\ms\readme.md","REVIEW","1721","11/12/2025 9:07:56 PM"
"D:\INFRA\Dev-Tools\Dev-Tools\shared\mcp\gateway\node_modules\negotiator\HISTORY.md","REVIEW","2499","11/12/2025 9:07:56 PM"
"D:\INFRA\Dev-Tools\Dev-Tools\shared\mcp\gateway\node_modules\negotiator\README.md","REVIEW","4901","11/12/2025 9:07:56 PM"
"D:\INFRA\Dev-Tools\Dev-Tools\shared\mcp\gateway\node_modules\node-fetch\LICENSE.md","REVIEW","1079","11/12/2025 9:07:56 PM"
"D:\INFRA\Dev-Tools\Dev-Tools\shared\mcp\gateway\node_modules\node-fetch\README.md","REVIEW","21332","11/12/2025 9:07:56 PM"
"D:\INFRA\Dev-Tools\Dev-Tools\shared\mcp\gateway\node_modules\object-inspect\CHANGELOG.md","REVIEW","36562","11/12/2025 9:07:56 PM"
"D:\INFRA\Dev-Tools\Dev-Tools\shared\mcp\gateway\node_modules\on-finished\HISTORY.md","REVIEW","1865","11/12/2025 9:07:56 PM"
"D:\INFRA\Dev-Tools\Dev-Tools\shared\mcp\gateway\node_modules\on-finished\README.md","REVIEW","5160","11/12/2025 9:07:56 PM"
"D:\INFRA\Dev-Tools\Dev-Tools\shared\mcp\gateway\node_modules\parseurl\HISTORY.md","REVIEW","1043","11/12/2025 9:07:56 PM"
"D:\INFRA\Dev-Tools\Dev-Tools\shared\mcp\gateway\node_modules\parseurl\README.md","REVIEW","4094","11/12/2025 9:07:56 PM"
"D:\INFRA\Dev-Tools\Dev-Tools\shared\mcp\gateway\node_modules\path-to-regexp\Readme.md","REVIEW","1102","11/12/2025 9:07:56 PM"
"D:\INFRA\Dev-Tools\Dev-Tools\shared\mcp\gateway\node_modules\proxy-addr\HISTORY.md","REVIEW","2991","11/12/2025 9:07:56 PM"
"D:\INFRA\Dev-Tools\Dev-Tools\shared\mcp\gateway\node_modules\proxy-addr\README.md","REVIEW","4131","11/12/2025 9:07:56 PM"
"D:\INFRA\Dev-Tools\Dev-Tools\shared\mcp\gateway\node_modules\qs\CHANGELOG.md","REVIEW","32086","11/12/2025 9:07:56 PM"
"D:\INFRA\Dev-Tools\Dev-Tools\shared\mcp\gateway\node_modules\qs\LICENSE.md","REVIEW","1600","11/12/2025 9:07:56 PM"
"D:\INFRA\Dev-Tools\Dev-Tools\shared\mcp\gateway\node_modules\qs\README.md","REVIEW","24553","11/12/2025 9:07:56 PM"
"D:\INFRA\Dev-Tools\Dev-Tools\shared\mcp\gateway\node_modules\range-parser\HISTORY.md","REVIEW","917","11/12/2025 9:07:56 PM"
"D:\INFRA\Dev-Tools\Dev-Tools\shared\mcp\gateway\node_modules\range-parser\README.md","REVIEW","2278","11/12/2025 9:07:56 PM"
"D:\INFRA\Dev-Tools\Dev-Tools\shared\mcp\gateway\node_modules\raw-body\HISTORY.md","REVIEW","6048","11/12/2025 9:07:56 PM"
"D:\INFRA\Dev-Tools\Dev-Tools\shared\mcp\gateway\node_modules\raw-body\README.md","REVIEW","6553","11/12/2025 9:07:56 PM"
"D:\INFRA\Dev-Tools\Dev-Tools\shared\mcp\gateway\node_modules\raw-body\SECURITY.md","REVIEW","1188","11/12/2025 9:07:56 PM"
"D:\INFRA\Dev-Tools\Dev-Tools\shared\mcp\gateway\node_modules\safe-buffer\README.md","REVIEW","19555","11/12/2025 9:07:56 PM"
"D:\INFRA\Dev-Tools\Dev-Tools\shared\mcp\gateway\node_modules\safer-buffer\Porting-Buffer.md","REVIEW","12794","11/12/2025 9:07:56 PM"
"D:\INFRA\Dev-Tools\Dev-Tools\shared\mcp\gateway\node_modules\safer-buffer\Readme.md","REVIEW","8261","11/12/2025 9:07:56 PM"
"D:\INFRA\Dev-Tools\Dev-Tools\shared\mcp\gateway\node_modules\send\node_modules\encodeurl\HISTORY.md","REVIEW","238","11/12/2025 9:07:56 PM"
"D:\INFRA\Dev-Tools\Dev-Tools\shared\mcp\gateway\node_modules\send\node_modules\encodeurl\README.md","REVIEW","3855","11/12/2025 9:07:56 PM"
"D:\INFRA\Dev-Tools\Dev-Tools\shared\mcp\gateway\node_modules\send\node_modules\ms\license.md","REVIEW","1079","11/12/2025 9:07:56 PM"
"D:\INFRA\Dev-Tools\Dev-Tools\shared\mcp\gateway\node_modules\send\node_modules\ms\readme.md","REVIEW","1886","11/12/2025 9:07:56 PM"
"D:\INFRA\Dev-Tools\Dev-Tools\shared\mcp\gateway\node_modules\send\HISTORY.md","REVIEW","13397","11/12/2025 9:07:56 PM"
"D:\INFRA\Dev-Tools\Dev-Tools\shared\mcp\gateway\node_modules\send\README.md","REVIEW","9476","11/12/2025 9:07:56 PM"
"D:\INFRA\Dev-Tools\Dev-Tools\shared\mcp\gateway\node_modules\send\SECURITY.md","REVIEW","1170","11/12/2025 9:07:56 PM"
"D:\INFRA\Dev-Tools\Dev-Tools\shared\mcp\gateway\node_modules\serve-static\HISTORY.md","REVIEW","10763","11/12/2025 9:07:56 PM"
"D:\INFRA\Dev-Tools\Dev-Tools\shared\mcp\gateway\node_modules\serve-static\README.md","REVIEW","7812","11/12/2025 9:07:56 PM"
"D:\INFRA\Dev-Tools\Dev-Tools\shared\mcp\gateway\node_modules\setprototypeof\README.md","REVIEW","844","11/12/2025 9:07:56 PM"
"D:\INFRA\Dev-Tools\Dev-Tools\shared\mcp\gateway\node_modules\side-channel\CHANGELOG.md","REVIEW","10450","11/12/2025 9:07:56 PM"
"D:\INFRA\Dev-Tools\Dev-Tools\shared\mcp\gateway\node_modules\side-channel\README.md","REVIEW","2152","11/12/2025 9:07:56 PM"
"D:\INFRA\Dev-Tools\Dev-Tools\shared\mcp\gateway\node_modules\side-channel-list\CHANGELOG.md","REVIEW","818","11/12/2025 9:07:56 PM"
"D:\INFRA\Dev-Tools\Dev-Tools\shared\mcp\gateway\node_modules\side-channel-list\README.md","REVIEW","2285","11/12/2025 9:07:56 PM"
"D:\INFRA\Dev-Tools\Dev-Tools\shared\mcp\gateway\node_modules\side-channel-map\CHANGELOG.md","REVIEW","1191","11/12/2025 9:07:56 PM"
"D:\INFRA\Dev-Tools\Dev-Tools\shared\mcp\gateway\node_modules\side-channel-map\README.md","REVIEW","2278","11/12/2025 9:07:56 PM"
"D:\INFRA\Dev-Tools\Dev-Tools\shared\mcp\gateway\node_modules\side-channel-weakmap\CHANGELOG.md","REVIEW","1477","11/12/2025 9:07:56 PM"
"D:\INFRA\Dev-Tools\Dev-Tools\shared\mcp\gateway\node_modules\side-channel-weakmap\README.md","REVIEW","2342","11/12/2025 9:07:56 PM"
"D:\INFRA\Dev-Tools\Dev-Tools\shared\mcp\gateway\node_modules\statuses\HISTORY.md","REVIEW","1546","11/12/2025 9:07:56 PM"
"D:\INFRA\Dev-Tools\Dev-Tools\shared\mcp\gateway\node_modules\statuses\README.md","REVIEW","3559","11/12/2025 9:07:56 PM"
"D:\INFRA\Dev-Tools\Dev-Tools\shared\mcp\gateway\node_modules\toidentifier\HISTORY.md","REVIEW","128","11/12/2025 9:07:56 PM"
"D:\INFRA\Dev-Tools\Dev-Tools\shared\mcp\gateway\node_modules\toidentifier\README.md","REVIEW","1803","11/12/2025 9:07:56 PM"
"D:\INFRA\Dev-Tools\Dev-Tools\shared\mcp\gateway\node_modules\type-is\HISTORY.md","REVIEW","5447","11/12/2025 9:07:56 PM"
"D:\INFRA\Dev-Tools\Dev-Tools\shared\mcp\gateway\node_modules\type-is\README.md","REVIEW","5183","11/12/2025 9:07:56 PM"
"D:\INFRA\Dev-Tools\Dev-Tools\shared\mcp\gateway\node_modules\unfetch\LICENSE.md","REVIEW","1079","11/12/2025 9:07:56 PM"
"D:\INFRA\Dev-Tools\Dev-Tools\shared\mcp\gateway\node_modules\unfetch\README.md","REVIEW","9303","11/12/2025 9:07:56 PM"
"D:\INFRA\Dev-Tools\Dev-Tools\shared\mcp\gateway\node_modules\unpipe\HISTORY.md","REVIEW","59","11/12/2025 9:07:56 PM"
"D:\INFRA\Dev-Tools\Dev-Tools\shared\mcp\gateway\node_modules\unpipe\README.md","REVIEW","1250","11/12/2025 9:07:56 PM"
"D:\INFRA\Dev-Tools\Dev-Tools\shared\mcp\gateway\node_modules\utils-merge\README.md","REVIEW","1319","11/12/2025 9:07:56 PM"
"D:\INFRA\Dev-Tools\Dev-Tools\shared\mcp\gateway\node_modules\vary\HISTORY.md","REVIEW","792","11/12/2025 9:07:56 PM"
"D:\INFRA\Dev-Tools\Dev-Tools\shared\mcp\gateway\node_modules\vary\README.md","REVIEW","2716","11/12/2025 9:07:56 PM"
"D:\INFRA\Dev-Tools\Dev-Tools\shared\mcp\gateway\node_modules\webidl-conversions\LICENSE.md","REVIEW","1323","11/12/2025 9:07:56 PM"
"D:\INFRA\Dev-Tools\Dev-Tools\shared\mcp\gateway\node_modules\webidl-conversions\README.md","REVIEW","5480","11/12/2025 9:07:56 PM"
"D:\INFRA\Dev-Tools\Dev-Tools\shared\mcp\gateway\node_modules\whatwg-url\README.md","REVIEW","5136","11/12/2025 9:07:56 PM"
"D:\INFRA\Dev-Tools\Dev-Tools\shared\mcp\gateway\README.md","REVIEW","2123","11/17/2025 8:44:39 PM"
"D:\INFRA\Dev-Tools\Dev-Tools\shared\services\agent-registry\README.md","REVIEW","3556","11/18/2025 10:30:29 PM"
"D:\INFRA\Dev-Tools\Dev-Tools\support\docs\chatmodes\orchestrator.md","REVIEW","356","11/13/2025 7:36:18 AM"
"D:\INFRA\Dev-Tools\Dev-Tools\support\docs\_temp\Pre-flight v3.md","DEPRECATED","13375","11/18/2025 8:38:48 AM"
"D:\INFRA\Dev-Tools\Dev-Tools\support\docs\_temp\progressive-mcp-deployment-checklist.md","DEPRECATED","13093","11/18/2025 3:06:20 AM"
"D:\INFRA\Dev-Tools\Dev-Tools\support\docs\AGENT_ENDPOINTS.md","ACTIVE","11920","11/18/2025 9:38:32 PM"
"D:\INFRA\Dev-Tools\Dev-Tools\support\docs\ARCHITECTURE.md","ACTIVE","13694","11/17/2025 8:44:38 PM"
"D:\INFRA\Dev-Tools\Dev-Tools\support\docs\CONFIGURE_AGENTS_UI.md","ACTIVE","6889","11/15/2025 8:35:55 PM"
"D:\INFRA\Dev-Tools\Dev-Tools\support\docs\DEPLOYMENT.md","ACTIVE","23816","11/17/2025 8:44:39 PM"
"D:\INFRA\Dev-Tools\Dev-Tools\support\docs\DEPLOYMENT_ARCHITECTURE.md","ACTIVE","14905","11/17/2025 8:44:38 PM"
"D:\INFRA\Dev-Tools\Dev-Tools\support\docs\DIGITALOCEAN_QUICK_DEPLOY.md","ACTIVE","14789","11/14/2025 10:33:19 PM"
"D:\INFRA\Dev-Tools\Dev-Tools\support\docs\DOCKER_CLEANUP.md","ACTIVE","8634","11/13/2025 10:41:44 PM"
"D:\INFRA\Dev-Tools\Dev-Tools\support\docs\DOCKER_HUB_DEPLOYMENT.md","ACTIVE","8432","11/17/2025 12:20:13 AM"
"D:\INFRA\Dev-Tools\Dev-Tools\support\docs\DOCR-implementation.md","ACTIVE","10571","11/17/2025 8:44:39 PM"
"D:\INFRA\Dev-Tools\Dev-Tools\support\docs\FRONTEND_INTEGRATION.md","ACTIVE","12636","11/13/2025 4:32:08 AM"
"D:\INFRA\Dev-Tools\Dev-Tools\support\docs\GRADIENT_AI_QUICK_START.md","ACTIVE","6539","11/17/2025 8:44:38 PM"
"D:\INFRA\Dev-Tools\Dev-Tools\support\docs\HANDBOOK.md","ACTIVE","2407","11/17/2025 8:44:39 PM"
"D:\INFRA\Dev-Tools\Dev-Tools\support\docs\HITL_IMPLEMENTATION_PHASE2.md","ACTIVE","20704","11/18/2025 7:08:06 AM"
"D:\INFRA\Dev-Tools\Dev-Tools\support\docs\HYBRID_ARCHITECTURE.md","ACTIVE","16796","11/17/2025 8:44:39 PM"
"D:\INFRA\Dev-Tools\Dev-Tools\support\docs\LANGGRAPH_INTEGRATION.md","ACTIVE","11079","11/17/2025 8:44:38 PM"
"D:\INFRA\Dev-Tools\Dev-Tools\support\docs\LANGGRAPH_QUICK_REF.md","ACTIVE","6524","11/16/2025 3:00:43 AM"
"D:\INFRA\Dev-Tools\Dev-Tools\support\docs\LANGSMITH_EXAMPLES.md","ACTIVE","10286","11/13/2025 8:39:09 PM"
"D:\INFRA\Dev-Tools\Dev-Tools\support\docs\LANGSMITH_TRACING.md","ACTIVE","6646","11/13/2025 8:36:41 PM"
"D:\INFRA\Dev-Tools\Dev-Tools\support\docs\LINEAR_SETUP.md","ACTIVE","8427","11/18/2025 6:10:01 PM"
"D:\INFRA\Dev-Tools\Dev-Tools\support\docs\LLM_MULTI_PROVIDER.md","ACTIVE","11375","11/16/2025 6:11:04 PM"
"D:\INFRA\Dev-Tools\Dev-Tools\support\docs\MCP_INTEGRATION.md","ACTIVE","23849","11/17/2025 8:44:39 PM"
"D:\INFRA\Dev-Tools\Dev-Tools\support\docs\NOTIFICATION_SYSTEM.md","ACTIVE","19217","11/18/2025 9:38:32 PM"
"D:\INFRA\Dev-Tools\Dev-Tools\support\docs\PHASE_5_PLAN.md","ACTIVE","30750","11/18/2025 8:53:28 PM"
"D:\INFRA\Dev-Tools\Dev-Tools\support\docs\PHASE_5_TESTING.md","ACTIVE","10739","11/18/2025 7:03:53 PM"
"D:\INFRA\Dev-Tools\Dev-Tools\support\docs\PHASE_6_PLAN.md","ACTIVE","37029","11/18/2025 10:22:44 PM"
"D:\INFRA\Dev-Tools\Dev-Tools\support\docs\pre-flight-v2.md","ACTIVE","1449","11/18/2025 3:07:55 AM"
"D:\INFRA\Dev-Tools\Dev-Tools\support\docs\PRE_DEPLOYMENT_CHECKLIST.md","ACTIVE","17192","11/17/2025 8:44:38 PM"
"D:\INFRA\Dev-Tools\Dev-Tools\support\docs\PROMETHEUS_METRICS.md","ACTIVE","8208","11/17/2025 8:44:39 PM"
"D:\INFRA\Dev-Tools\Dev-Tools\support\docs\QDRANT_COLLECTIONS.md","ACTIVE","11403","11/17/2025 8:44:39 PM"
"D:\INFRA\Dev-Tools\Dev-Tools\support\docs\RAG_DOCUMENTATION_AGGREGATION.md","ACTIVE","15437","11/18/2025 8:32:37 PM"
"D:\INFRA\Dev-Tools\Dev-Tools\support\docs\README.md","ACTIVE","3937","11/17/2025 12:20:13 AM"
"D:\INFRA\Dev-Tools\Dev-Tools\support\docs\SECRETS_MANAGEMENT.md","ACTIVE","13353","11/14/2025 8:40:44 PM"
"D:\INFRA\Dev-Tools\Dev-Tools\support\docs\SETUP_GUIDE.md","ACTIVE","10779","11/15/2025 7:16:34 AM"
"D:\INFRA\Dev-Tools\Dev-Tools\support\docs\SHARED_LIB_NOTIFICATIONS.md","ACTIVE","20456","11/18/2025 9:38:32 PM"
"D:\INFRA\Dev-Tools\Dev-Tools\support\docs\TASK_ORCHESTRATION.md","ACTIVE","2015","11/13/2025 12:53:14 AM"
"D:\INFRA\Dev-Tools\Dev-Tools\support\docs\temp-mcp-tool-disclosure-plan.md","ACTIVE","20755","11/18/2025 2:54:03 AM"
"D:\INFRA\Dev-Tools\Dev-Tools\support\pipelines\README.md","REVIEW","546","11/12/2025 7:23:08 PM"
"D:\INFRA\Dev-Tools\Dev-Tools\support\reports\LINEAR_PROGRESS_ASSESSMENT.md","REVIEW","16501","11/18/2025 8:53:28 PM"
"D:\INFRA\Dev-Tools\Dev-Tools\support\reports\PHASE2_ACTION_PLAN.md","REVIEW","25237","11/18/2025 6:48:39 AM"
"D:\INFRA\Dev-Tools\Dev-Tools\_archive\agents\cicd\README.md","REVIEW","6810","11/13/2025 8:15:36 PM"
"D:\INFRA\Dev-Tools\Dev-Tools\_archive\agents\code-review\README.md","REVIEW","6724","11/13/2025 8:15:35 PM"
"D:\INFRA\Dev-Tools\Dev-Tools\_archive\agents\documentation\README.md","REVIEW","6015","11/13/2025 8:15:36 PM"
"D:\INFRA\Dev-Tools\Dev-Tools\_archive\agents\feature-dev\README.md","REVIEW","6298","11/13/2025 8:15:35 PM"
"D:\INFRA\Dev-Tools\Dev-Tools\_archive\agents\infrastructure\README.md","REVIEW","7395","11/13/2025 8:15:36 PM"
"D:\INFRA\Dev-Tools\Dev-Tools\_archive\agents\orchestrator\README.md","REVIEW","6931","11/13/2025 8:15:35 PM"
"D:\INFRA\Dev-Tools\Dev-Tools\_archive\docs-archive\AGENT_FLEET_UPDATE_2025-11-15.md","REVIEW","6491","11/15/2025 2:52:06 PM"
"D:\INFRA\Dev-Tools\Dev-Tools\_archive\docs-archive\CODEBASE_INDEX.md","REVIEW","1410","11/13/2025 8:54:20 AM"
"D:\INFRA\Dev-Tools\Dev-Tools\_archive\docs-archive\DigitalOcean-Gradient-Integration.md","REVIEW","16369","11/13/2025 9:39:28 PM"
"D:\INFRA\Dev-Tools\Dev-Tools\_archive\docs-archive\DOCUMENTATION_STRATEGY.md","REVIEW","11872","11/13/2025 12:53:14 AM"
"D:\INFRA\Dev-Tools\Dev-Tools\_archive\docs-archive\gateway-revision-plan.md","REVIEW","8644","11/15/2025 3:06:57 PM"
"D:\INFRA\Dev-Tools\Dev-Tools\_archive\docs-archive\GRADIENT_RESOLUTION_2025-11-15.md","REVIEW","6913","11/15/2025 2:46:59 PM"
"D:\INFRA\Dev-Tools\Dev-Tools\_archive\docs-archive\IMPLEMENTATION_SUMMARY_MCP_LINEAR.md","REVIEW","20059","11/15/2025 3:54:23 PM"
"D:\INFRA\Dev-Tools\Dev-Tools\_archive\docs-archive\MCP_WIRING_PLAN.md","REVIEW","30897","11/13/2025 6:32:53 PM"
"D:\INFRA\Dev-Tools\Dev-Tools\_archive\docs-archive\REFACTOR_CHECKLIST.md","REVIEW","10777","11/13/2025 8:54:18 AM"
"D:\INFRA\Dev-Tools\Dev-Tools\_archive\docs-archive\STANDALONE_STRUCTURE.md","REVIEW","18174","11/13/2025 8:54:20 AM"
"D:\INFRA\Dev-Tools\Dev-Tools\_archive\docs-archive\TASKFILE_COMPLETION_REPORT.md","REVIEW","5821","11/13/2025 8:27:04 AM"
"D:\INFRA\Dev-Tools\Dev-Tools\_archive\docs-archive\TASKFILE_REBUILD.md","REVIEW","5234","11/13/2025 8:27:04 AM"
"D:\INFRA\Dev-Tools\Dev-Tools\_archive\docs-archive\TASKFILE_WORKFLOWS.md","REVIEW","6859","11/13/2025 8:54:20 AM"
"D:\INFRA\Dev-Tools\Dev-Tools\_archive\docs-archive\tracing-plan-v2.md","REVIEW","5416","11/13/2025 8:14:21 PM"
"D:\INFRA\Dev-Tools\Dev-Tools\_archive\docs-temp\deployments\docr-removal-complete.md","REVIEW","5624","11/18/2025 5:53:14 AM"
"D:\INFRA\Dev-Tools\Dev-Tools\_archive\docs-temp\deployments\v2.2.0-deployment-complete.md","REVIEW","12929","11/18/2025 5:44:10 AM"
"D:\INFRA\Dev-Tools\Dev-Tools\_archive\docs-temp\CLEANUP_SUMMARY.md","DEPRECATED","6135","11/16/2025 7:22:21 PM"
"D:\INFRA\Dev-Tools\Dev-Tools\_archive\docs-temp\DOCR-hybrid-rollout.md","DEPRECATED","8768","11/16/2025 10:43:31 PM"
"D:\INFRA\Dev-Tools\Dev-Tools\_archive\docs-temp\DOCR-rollout-complete.md","DEPRECATED","7256","11/16/2025 10:43:31 PM"
"D:\INFRA\Dev-Tools\Dev-Tools\_archive\docs-temp\github-secrets-setup.md","DEPRECATED","4044","11/17/2025 1:50:13 AM"
"D:\INFRA\Dev-Tools\Dev-Tools\_archive\docs-temp\Gradient AI Quick Start.md","DEPRECATED","5780","11/16/2025 7:00:08 PM"
"D:\INFRA\Dev-Tools\Dev-Tools\_archive\docs-temp\HITL-implemented.md","DEPRECATED","3273","11/18/2025 7:09:38 AM"
"D:\INFRA\Dev-Tools\Dev-Tools\_archive\docs-temp\linear-issue-notifications-plan.md","DEPRECATED","15566","11/18/2025 6:14:37 PM"
"D:\INFRA\Dev-Tools\Dev-Tools\_archive\docs-temp\MIGRATION_SCRIPTS_COMPLETE.md","DEPRECATED","7113","11/17/2025 4:51:15 PM"
"D:\INFRA\Dev-Tools\Dev-Tools\_archive\docs-temp\progressive-mcp-disclosure-implementation.md","DEPRECATED","7958","11/18/2025 2:59:54 AM"
"D:\INFRA\Dev-Tools\Dev-Tools\_archive\docs-temp\REORGANIZATION_PLAN.md","DEPRECATED","11065","11/17/2025 4:35:50 PM"
"D:\INFRA\Dev-Tools\Dev-Tools\_archive\docs-temp\revised-architecture-v2.0-plan.md","DEPRECATED","10678","11/17/2025 12:15:46 AM"
"D:\INFRA\Dev-Tools\Dev-Tools\_archive\docs-temp\v2.0-deployment-checklist.md","DEPRECATED","5177","11/17/2025 1:50:14 AM"
"D:\INFRA\Dev-Tools\Dev-Tools\_archive\infrastructure\.github\agents\CICD.agent.md","REVIEW","5196","11/13/2025 8:15:36 PM"
"D:\INFRA\Dev-Tools\Dev-Tools\_archive\infrastructure\.github\agents\CodeReview.agent.md","REVIEW","6566","11/13/2025 8:21:48 PM"
"D:\INFRA\Dev-Tools\Dev-Tools\_archive\infrastructure\.github\agents\Documentation.agent.md","REVIEW","7230","11/13/2025 8:21:48 PM"
"D:\INFRA\Dev-Tools\Dev-Tools\_archive\infrastructure\.github\agents\FeatureDev.agent.md","REVIEW","6781","11/13/2025 8:21:48 PM"
"D:\INFRA\Dev-Tools\Dev-Tools\_archive\infrastructure\.github\agents\Infrastructure.agent.md","REVIEW","7583","11/13/2025 8:21:48 PM"
"D:\INFRA\Dev-Tools\Dev-Tools\_archive\infrastructure\.github\agents\Orchestrator.agent.md","REVIEW","6221","11/13/2025 8:21:48 PM"
"D:\INFRA\Dev-Tools\Dev-Tools\_archive\infrastructure\.github\copilot-instructions.md","REVIEW","8955","11/16/2025 10:19:59 PM"
"D:\INFRA\Dev-Tools\Dev-Tools\_archive\infrastructure\config\env\README.md","REVIEW","4646","11/14/2025 8:13:17 PM"
"D:\INFRA\Dev-Tools\Dev-Tools\_archive\migration-scripts\QUICK_REF.md","REVIEW","4186","11/17/2025 4:52:23 PM"
"D:\INFRA\Dev-Tools\Dev-Tools\_archive\migration-scripts\README.md","REVIEW","6104","11/17/2025 4:35:50 PM"
"D:\INFRA\Dev-Tools\Dev-Tools\PHASE_5_COMPLETE_NEXT_STEPS.md","REVIEW","11383","11/18/2025 10:22:44 PM"
"D:\INFRA\Dev-Tools\Dev-Tools\README.md","REVIEW","13929","11/18/2025 7:59:37 AM"
